{
    "timestamp": "2026-03-28T03:26:22.780477",
    "test_n": 82238,
    "base_auroc": 0.7704999947013357
}